Episode 1, Last State: [  1.  69. 100.], Reward: 137.3439556069913
Episode 2, Last State: [  1.  12. 100.], Reward: 190.68992306516154
Episode 3, Last State: [  1.  15. 100.], Reward: 186.1421239838299
Episode 4, Last State: [ 51.   4. 100.], Reward: 427.8321461540349
Episode 5, Last State: [ 94.  23. 100.], Reward: 649.3390042322796
Episode 6, Last State: [ 95.  14. 100.], Reward: 733.8079406764599
Episode 7, Last State: [100.  47. 100.], Reward: 469.22931429993173
Episode 8, Last State: [100.  79. 100.], Reward: 339.69110307745575
Episode 9, Last State: [100. 100. 100.], Reward: 289.8663324524963
Episode 10, Last State: [100. 100. 100.], Reward: 289.8663324524963
Episode 11, Last State: [100. 100. 100.], Reward: 289.8663324524963
Episode 12, Last State: [ 92. 100. 100.], Reward: 306.45242418656045
Episode 13, Last State: [ 65.  94. 100.], Reward: 398.6678508702374
Episode 14, Last State: [ 41.  72. 100.], Reward: 575.6475842387254
Episode 15, Last State: [ 28.  57. 100.], Reward: 725.0841788214607
Episode 16, Last State: [ 22.  40. 100.], Reward: 866.4250286555624
Episode 17, Last State: [ 19.  32. 100.], Reward: 948.5584357574897
Episode 18, Last State: [ 16.  25. 100.], Reward: 1033.1964240459201
Episode 19, Last State: [ 12.  23. 100.], Reward: 1092.4665176708327
Episode 20, Last State: [ 16.  16. 100.], Reward: 1116.4360518799704
Episode 21, Last State: [ 23.   9. 100.], Reward: 1086.0264415046674
Episode 22, Last State: [ 27.   2. 100.], Reward: 252.7570412880439
Episode 23, Last State: [ 24.   2. 100.], Reward: 258.1359040973637
Episode 24, Last State: [ 23.   1. 100.], Reward: 131.44226370929525
Episode 25, Last State: [ 23.   1. 100.], Reward: 131.44226370929525
Episode 26, Last State: [ 22.   1. 100.], Reward: 132.39348807359914
Episode 27, Last State: [ 19.   1. 100.], Reward: 135.362837659005
Episode 28, Last State: [ 14.   1. 100.], Reward: 140.72110393770362
Episode 29, Last State: [ 11.   1. 100.], Reward: 144.2001702349196
Episode 1, Last State: [3. 4. 1.], Reward: 99.62860082438753
Episode 2, Last State: [ 1.  1. 55.], Reward: 196.804478122741
Episode 3, Last State: [ 1.  1. 21.], Reward: 221.04960321298847
Episode 4, Last State: [2. 1. 4.], Reward: 214.90332827647538
Episode 5, Last State: [1. 2. 1.], Reward: 102.26733565050255
Episode 6, Last State: [2. 1. 4.], Reward: 395.09757668024815
Episode 7, Last State: [1. 1. 7.], Reward: 384.85202269116235
Episode 8, Last State: [1. 1. 7.], Reward: 360.3424638652656
Episode 9, Last State: [2. 1. 2.], Reward: 212.89675607673502
Episode 10, Last State: [2. 1. 2.], Reward: 203.18950597357787
Episode 11, Last State: [1. 2. 4.], Reward: 361.93705350274263
Episode 12, Last State: [1. 4. 3.], Reward: 293.98389070777694
Episode 13, Last State: [1. 1. 1.], Reward: 102.94026144644609
Episode 14, Last State: [3. 1. 2.], Reward: 201.87026789759096
Episode 15, Last State: [2. 1. 2.], Reward: 212.89675607673502
Episode 16, Last State: [1. 1. 1.], Reward: 102.94026144644609
Episode 17, Last State: [1. 1. 3.], Reward: 246.0002086548485
Episode 18, Last State: [2. 1. 2.], Reward: 203.18950597357787
Episode 19, Last State: [1. 1. 1.], Reward: 102.94026144644609
Episode 20, Last State: [9. 1. 1.], Reward: 97.91302053418535
Episode 21, Last State: [1. 1. 4.], Reward: 300.90392553499134
Episode 22, Last State: [3. 1. 1.], Reward: 101.60783098969138
Episode 23, Last State: [4. 1. 2.], Reward: 200.5768972348587
Episode 24, Last State: [2. 1. 1.], Reward: 227.9869550403431
Episode 25, Last State: [10.  1.  4.], Reward: 264.39124998662464
Episode 26, Last State: [3. 1. 2.], Reward: 201.87026789759096
Episode 27, Last State: [1. 1. 3.], Reward: 270.5097674807452
Episode 28, Last State: [2. 2. 2.], Reward: 326.7941176798671
Episode 29, Last State: [1. 1. 1.], Reward: 205.88029413823506
Episode 30, Last State: [1. 2. 1.], Reward: 244.80724050913494
Episode 31, Last State: [1. 1. 3.], Reward: 270.5097674807452
Episode 32, Last State: [2. 1. 1.], Reward: 102.2674500276852
Episode 33, Last State: [1. 2. 1.], Reward: 276.5254931072373
Episode 34, Last State: [1. 1. 1.], Reward: 205.88029413823506
Episode 35, Last State: [1. 1. 5.], Reward: 330.06748321697137
Episode 36, Last State: [1. 3. 7.], Reward: 523.3437512822554
Episode 37, Last State: [1. 1. 7.], Reward: 236.85827226442638
Episode 38, Last State: [1. 1. 6.], Reward: 238.16409947407766
Episode 39, Last State: [1. 1. 5.], Reward: 239.49604322792197
Episode 40, Last State: [1. 1. 4.], Reward: 240.85462585684314
Episode 41, Last State: [ 1.  1. 18.], Reward: 224.07833979010482
Episode 42, Last State: [2. 1. 2.], Reward: 333.0416522824391
Episode 43, Last State: [1. 1. 3.], Reward: 270.5097674807452
Episode 44, Last State: [1. 1. 9.], Reward: 234.3229291622584
Episode 45, Last State: [ 1.  1. 25.], Reward: 232.51902167216414
Episode 46, Last State: [ 1.  1. 38.], Reward: 218.68479175748087
Episode 47, Last State: [ 1.  1. 27.], Reward: 215.50612568625226
Episode 48, Last State: [ 1.  1. 47.], Reward: 201.13674313881978
Episode 49, Last State: [ 1.  1. 18.], Reward: 224.07833979010482
Episode 50, Last State: [ 1.  1. 25.], Reward: 217.28126992798963
Episode 51, Last State: [ 1.  1. 51.], Reward: 198.8848652293629
Episode 52, Last State: [  1.   1. 100.], Reward: 181.91928079802315
Episode 53, Last State: [  1.   1. 100.], Reward: 181.91928079802315
Episode 54, Last State: [  1.   1. 100.], Reward: 181.91928079802315
Episode 55, Last State: [  1.   1. 100.], Reward: 181.91928079802315
Episode 56, Last State: [  1.   1. 100.], Reward: 181.91928079802315
Episode 57, Last State: [  1.   1. 100.], Reward: 157.40972197212645
Episode 58, Last State: [ 80.   1. 100.], Reward: 99.26412127586053
Episode 59, Last State: [100.   1. 100.], Reward: 94.2334145102542
Episode 60, Last State: [100.   1. 100.], Reward: 94.2334145102542
Episode 61, Last State: [100.   1. 100.], Reward: 94.2334145102542
Episode 62, Last State: [ 84.   1. 100.], Reward: 98.09262969329883
Episode 63, Last State: [ 57.   1. 100.], Reward: 108.13860637535772
Episode 64, Last State: [19.  1. 62.], Reward: 146.98128890434003
Episode 65, Last State: [12.  1. 67.], Reward: 152.56472211073648
Episode 66, Last State: [ 7.  1. 45.], Reward: 169.5844895042324
Episode 67, Last State: [ 3.  1. 10.], Reward: 205.72765207004844
Episode 68, Last State: [2. 1. 6.], Reward: 212.21280189370987
Episode 69, Last State: [2. 1. 3.], Reward: 244.55846990037745
Episode 70, Last State: [ 1.  1. 10.], Reward: 208.58286019164802
Episode 71, Last State: [1. 1. 9.], Reward: 209.8133703363617
Episode 72, Last State: [1. 1. 4.], Reward: 276.3944192290151
Episode 73, Last State: [1. 1. 1.], Reward: 181.37073531233835
Episode 74, Last State: [1. 1. 1.], Reward: 181.37073531233835
Episode 75, Last State: [1. 1. 2.], Reward: 214.33849483120608
Episode 76, Last State: [1. 1. 1.], Reward: 181.37073531233835
Episode 77, Last State: [2. 1. 2.], Reward: 212.89675607673502
Episode 78, Last State: [1. 1. 3.], Reward: 270.5097674807452
Episode 79, Last State: [2. 1. 4.], Reward: 214.90332827647538
Episode 80, Last State: [2. 1. 1.], Reward: 203.9579757991267
Episode 81, Last State: [1. 1. 2.], Reward: 238.84805365710278
Episode 82, Last State: [1. 1. 1.], Reward: 181.37073531233835
Episode 83, Last State: [4. 1. 2.], Reward: 210.09753242810797
Episode 84, Last State: [3. 1. 1.], Reward: 178.5155271907388
Episode 85, Last State: [1. 1. 2.], Reward: 214.33849483120608
Episode 86, Last State: [2. 1. 1.], Reward: 179.92899655786732
Episode 87, Last State: [1. 1. 1.], Reward: 181.37073531233835
Episode 88, Last State: [1. 1. 2.], Reward: 214.33849483120608
Episode 89, Last State: [1. 1. 2.], Reward: 238.84805365710278
Episode 90, Last State: [1. 1. 1.], Reward: 181.37073531233835
Episode 91, Last State: [3. 2. 2.], Reward: 352.8019540351439
Episode 92, Last State: [1. 1. 1.], Reward: 181.37073531233835
Episode 93, Last State: [1. 1. 2.], Reward: 214.33849483120608
Episode 94, Last State: [1. 1. 1.], Reward: 181.37073531233835
Episode 95, Last State: [1. 1. 2.], Reward: 238.84805365710278
Episode 96, Last State: [1. 1. 1.], Reward: 181.37073531233835
Episode 97, Last State: [3. 1. 4.], Reward: 273.53921110741555
Episode 98, Last State: [4. 1. 2.], Reward: 210.09753242810797
Episode 99, Last State: [3. 1. 2.], Reward: 423.50369177856044
Episode 100, Last State: [1. 1. 1.], Reward: 181.37073531233835
Episode 101, Last State: [1. 1. 2.], Reward: 214.33849483120608
Episode 102, Last State: [1. 1. 1.], Reward: 181.37073531233835
Episode 103, Last State: [1. 1. 1.], Reward: 205.88029413823506
Episode 104, Last State: [1. 1. 1.], Reward: 181.37073531233835
Episode 105, Last State: [1. 1. 1.], Reward: 181.37073531233835
Episode 106, Last State: [1. 1. 1.], Reward: 181.37073531233835
Episode 107, Last State: [2. 1. 1.], Reward: 179.92899655786732
Episode 108, Last State: [1. 1. 2.], Reward: 214.33849483120608
Episode 109, Last State: [1. 1. 1.], Reward: 205.88029413823506
Episode 110, Last State: [1. 1. 2.], Reward: 214.33849483120608
Episode 111, Last State: [1. 1. 2.], Reward: 214.33849483120608
Episode 112, Last State: [1. 1. 1.], Reward: 205.88029413823506
Episode 113, Last State: [1. 1. 1.], Reward: 181.37073531233835
Episode 114, Last State: [1. 1. 2.], Reward: 214.33849483120608
Episode 115, Last State: [1. 1. 2.], Reward: 214.33849483120608
Episode 116, Last State: [1. 2. 1.], Reward: 276.5254931072373
Episode 117, Last State: [1. 1. 2.], Reward: 214.33849483120608
Episode 118, Last State: [3. 1. 3.], Reward: 243.14500053324892
Episode 119, Last State: [1. 1. 1.], Reward: 181.37073531233835
Episode 120, Last State: [1. 1. 1.], Reward: 181.37073531233835
Episode 121, Last State: [1. 1. 1.], Reward: 181.37073531233835
Episode 122, Last State: [1. 1. 1.], Reward: 181.37073531233835
Episode 123, Last State: [1. 1. 2.], Reward: 214.33849483120608
Episode 124, Last State: [1. 1. 1.], Reward: 181.37073531233835
Episode 125, Last State: [1. 1. 2.], Reward: 214.33849483120608
Episode 126, Last State: [2. 1. 5.], Reward: 304.116920908663
Episode 127, Last State: [1. 1. 1.], Reward: 205.88029413823506
Episode 128, Last State: [1. 1. 2.], Reward: 214.33849483120608
Episode 129, Last State: [1. 1. 1.], Reward: 205.88029413823506
Episode 130, Last State: [1. 1. 1.], Reward: 181.37073531233835
Episode 131, Last State: [1. 1. 2.], Reward: 214.33849483120608
Episode 132, Last State: [1. 1. 3.], Reward: 270.5097674807452
Episode 133, Last State: [1. 1. 1.], Reward: 205.88029413823506
Episode 134, Last State: [2. 1. 1.], Reward: 179.92899655786732
Episode 135, Last State: [1. 1. 2.], Reward: 214.33849483120608
Episode 136, Last State: [1. 1. 1.], Reward: 181.37073531233835
Episode 137, Last State: [1. 1. 2.], Reward: 214.33849483120608
Episode 138, Last State: [2. 1. 2.], Reward: 212.89675607673502
Episode 139, Last State: [1. 1. 4.], Reward: 276.3944192290151
Episode 140, Last State: [1. 1. 1.], Reward: 181.37073531233835
Episode 141, Last State: [1. 1. 3.], Reward: 246.0002086548485
Episode 142, Last State: [1. 1. 2.], Reward: 214.33849483120608
Episode 143, Last State: [1. 1. 5.], Reward: 305.55865966313405
Episode 144, Last State: [1. 1. 1.], Reward: 181.37073531233835
Episode 145, Last State: [1. 1. 1.], Reward: 181.37073531233835
Episode 146, Last State: [1. 1. 1.], Reward: 181.37073531233835
Episode 147, Last State: [1. 1. 2.], Reward: 214.33849483120608
Episode 148, Last State: [1. 1. 1.], Reward: 181.37073531233835
Episode 149, Last State: [2. 1. 1.], Reward: 300.0738927635714
Episode 150, Last State: [1. 1. 1.], Reward: 181.37073531233835
Episode 151, Last State: [2. 1. 1.], Reward: 179.92899655786732
Episode 152, Last State: [1. 1. 1.], Reward: 181.37073531233835
Episode 153, Last State: [1. 1. 4.], Reward: 300.9039780549118
Episode 154, Last State: [2. 1. 1.], Reward: 179.92899655786732
Episode 155, Last State: [1. 1. 2.], Reward: 214.33849483120608
Episode 156, Last State: [1. 1. 1.], Reward: 181.37073531233835
Episode 157, Last State: [2. 1. 1.], Reward: 179.92899655786732
Episode 158, Last State: [2. 1. 2.], Reward: 212.89675607673502
Episode 159, Last State: [2. 1. 3.], Reward: 244.55846990037745
Episode 160, Last State: [2. 1. 1.], Reward: 179.92899655786732
Episode 161, Last State: [1. 1. 1.], Reward: 205.88029413823506
Episode 162, Last State: [2. 1. 2.], Reward: 333.0416522824391
Episode 163, Last State: [1. 1. 1.], Reward: 181.37073531233835
Episode 164, Last State: [1. 1. 1.], Reward: 181.37073531233835
Episode 165, Last State: [1. 1. 1.], Reward: 181.37073531233835
Episode 166, Last State: [2. 2. 2.], Reward: 336.48420179493127
Episode 167, Last State: [2. 1. 2.], Reward: 212.89675607673502
Episode 168, Last State: [1. 1. 1.], Reward: 205.88029413823506
Episode 169, Last State: [2. 1. 2.], Reward: 212.89675607673502
Episode 170, Last State: [1. 1. 1.], Reward: 181.37073531233835
Episode 171, Last State: [1. 1. 2.], Reward: 214.33849483120608
Episode 172, Last State: [1. 1. 2.], Reward: 214.33849483120608
Episode 173, Last State: [1. 1. 3.], Reward: 246.0002086548485
Episode 174, Last State: [1. 1. 1.], Reward: 181.37073531233835
Episode 175, Last State: [1. 1. 2.], Reward: 214.33849483120608
Episode 176, Last State: [2. 1. 1.], Reward: 179.92899655786732
Episode 177, Last State: [1. 1. 5.], Reward: 239.49604322792197
Episode 178, Last State: [1. 1. 1.], Reward: 181.37073531233835
Episode 179, Last State: [1. 1. 3.], Reward: 246.0002086548485
Episode 180, Last State: [1. 1. 1.], Reward: 181.37073531233835
Episode 181, Last State: [2. 1. 3.], Reward: 244.55846990037745
Episode 182, Last State: [2. 1. 1.], Reward: 179.92899655786732
Episode 183, Last State: [1. 1. 3.], Reward: 246.0002086548485
Episode 184, Last State: [3. 1. 4.], Reward: 273.53921110741555
Episode 185, Last State: [3. 1. 1.], Reward: 178.5155271907388
Episode 186, Last State: [2. 1. 3.], Reward: 244.55846990037745
Episode 187, Last State: [1. 1. 1.], Reward: 181.37073531233835
Episode 188, Last State: [3. 1. 3.], Reward: 243.14500053324892
Episode 189, Last State: [2. 1. 1.], Reward: 271.2391176744058
Episode 190, Last State: [1. 1. 1.], Reward: 181.37073531233835
Episode 191, Last State: [1. 1. 1.], Reward: 181.37073531233835
Episode 192, Last State: [1. 2. 2.], Reward: 309.493252626105
Episode 193, Last State: [3. 1. 1.], Reward: 178.5155271907388
Episode 194, Last State: [3. 1. 3.], Reward: 243.14500053324892
Episode 195, Last State: [1. 1. 2.], Reward: 214.33849483120608
Episode 196, Last State: [2. 1. 4.], Reward: 274.9526804745441
Episode 197, Last State: [1. 1. 1.], Reward: 181.37073531233835
Episode 198, Last State: [1. 1. 6.], Reward: 333.52947849381076
Episode 199, Last State: [1. 1. 2.], Reward: 214.33849483120608
Episode 200, Last State: [1. 1. 5.], Reward: 305.55865966313405
Episode 201, Last State: [1. 1. 3.], Reward: 246.0002086548485
Episode 202, Last State: [1. 1. 1.], Reward: 181.37073531233835
Episode 203, Last State: [1. 2. 2.], Reward: 309.493252626105
Episode 204, Last State: [1. 1. 1.], Reward: 181.37073531233835
Episode 205, Last State: [1. 1. 1.], Reward: 181.37073531233835
Episode 206, Last State: [5. 1. 1.], Reward: 175.77119028032013
Episode 207, Last State: [2. 1. 3.], Reward: 244.55846990037745
Episode 208, Last State: [1. 1. 1.], Reward: 181.37073531233835
Episode 209, Last State: [1. 1. 3.], Reward: 246.0002086548485
Episode 210, Last State: [2. 1. 3.], Reward: 244.55846990037745
Episode 211, Last State: [1. 1. 2.], Reward: 214.33849483120608
Episode 212, Last State: [1. 1. 2.], Reward: 214.33849483120608
Episode 213, Last State: [1. 1. 3.], Reward: 246.0002086548485
Episode 214, Last State: [1. 1. 5.], Reward: 305.55865966313405
Episode 215, Last State: [4. 1. 1.], Reward: 177.12977290924027
Episode 216, Last State: [1. 1. 2.], Reward: 214.33849483120608
Episode 217, Last State: [2. 1. 4.], Reward: 274.9526804745441
Episode 218, Last State: [1. 1. 3.], Reward: 246.0002086548485
Episode 219, Last State: [2. 1. 2.], Reward: 212.89675607673502
Episode 220, Last State: [1. 1. 2.], Reward: 214.33849483120608
Episode 221, Last State: [1. 1. 3.], Reward: 246.0002086548485
Episode 222, Last State: [1. 1. 1.], Reward: 181.37073531233835
Episode 223, Last State: [3. 1. 2.], Reward: 211.4832867096065
Episode 224, Last State: [1. 1. 1.], Reward: 181.37073531233835
Episode 225, Last State: [2. 1. 3.], Reward: 244.55846990037745
Episode 226, Last State: [2. 1. 1.], Reward: 179.92899655786732
Episode 227, Last State: [1. 1. 1.], Reward: 181.37073531233835
Episode 228, Last State: [2. 1. 1.], Reward: 179.92899655786732
Episode 229, Last State: [1. 1. 2.], Reward: 214.33849483120608
Episode 230, Last State: [1. 1. 1.], Reward: 181.37073531233835
Episode 231, Last State: [2. 1. 1.], Reward: 203.9579757991267
Episode 232, Last State: [1. 1. 1.], Reward: 181.37073531233835
Episode 233, Last State: [3. 1. 3.], Reward: 243.14500053324892
Episode 234, Last State: [2. 1. 3.], Reward: 244.55846990037745
Episode 235, Last State: [1. 1. 2.], Reward: 214.33849483120608
Episode 236, Last State: [1. 1. 1.], Reward: 181.37073531233835
Episode 237, Last State: [2. 1. 2.], Reward: 212.89675607673502
Episode 238, Last State: [2. 1. 2.], Reward: 212.89675607673502
Episode 239, Last State: [2. 1. 1.], Reward: 179.92899655786732
Episode 240, Last State: [1. 1. 3.], Reward: 246.0002086548485
Episode 241, Last State: [2. 1. 1.], Reward: 179.92899655786732
Episode 242, Last State: [2. 1. 4.], Reward: 274.9526804745441
Episode 243, Last State: [2. 1. 2.], Reward: 212.89675607673502
Episode 244, Last State: [2. 1. 3.], Reward: 244.55846990037745
Episode 245, Last State: [3. 1. 5.], Reward: 302.7034515415345
Episode 246, Last State: [2. 1. 1.], Reward: 179.92899655786732
Episode 247, Last State: [1. 1. 1.], Reward: 181.37073531233835
Episode 248, Last State: [1. 1. 1.], Reward: 181.37073531233835
Episode 249, Last State: [2. 1. 1.], Reward: 179.92899655786732
Episode 250, Last State: [1. 1. 3.], Reward: 246.0002086548485
Episode 251, Last State: [2. 1. 1.], Reward: 179.92899655786732
Episode 252, Last State: [1. 1. 3.], Reward: 246.0002086548485
Episode 253, Last State: [2. 1. 1.], Reward: 179.92899655786732
Episode 254, Last State: [1. 1. 3.], Reward: 246.0002086548485
Episode 255, Last State: [1. 1. 3.], Reward: 246.0002086548485
Episode 256, Last State: [2. 1. 1.], Reward: 179.92899655786732
Episode 257, Last State: [3. 2. 1.], Reward: 319.8341945162762
Episode 258, Last State: [3. 1. 2.], Reward: 211.4832867096065
Episode 259, Last State: [5. 1. 2.], Reward: 208.73894979918782
Episode 260, Last State: [3. 1. 1.], Reward: 178.5155271907388
Episode 261, Last State: [2. 1. 1.], Reward: 179.92899655786732
Episode 262, Last State: [1. 1. 1.], Reward: 181.37073531233835
Episode 263, Last State: [2. 1. 3.], Reward: 230.42389738275267
Episode 264, Last State: [1. 1. 1.], Reward: 181.37073531233835
Episode 265, Last State: [1. 1. 1.], Reward: 181.37073531233835
Episode 266, Last State: [3. 1. 2.], Reward: 211.4832867096065
Episode 267, Last State: [1. 1. 4.], Reward: 276.3944192290151
Episode 268, Last State: [2. 2. 1.], Reward: 322.6611332505873
Episode 269, Last State: [4. 1. 1.], Reward: 177.12977290924027
Episode 270, Last State: [4. 1. 3.], Reward: 241.7592462517504
Episode 271, Last State: [1. 1. 1.], Reward: 181.37073531233835
Episode 272, Last State: [1. 1. 3.], Reward: 246.0002086548485
Episode 273, Last State: [3. 1. 2.], Reward: 211.4832867096065
Episode 274, Last State: [2. 1. 1.], Reward: 179.92899655786732
Episode 275, Last State: [1. 1. 5.], Reward: 305.55865966313405
Episode 276, Last State: [1. 1. 1.], Reward: 181.37073531233835
Episode 277, Last State: [9. 1. 2.], Reward: 203.56583573352827
Episode 278, Last State: [3. 1. 1.], Reward: 178.5155271907388
Episode 279, Last State: [1. 1. 2.], Reward: 214.33849483120608
Episode 280, Last State: [2. 1. 4.], Reward: 274.9526804745441
Episode 281, Last State: [3. 1. 2.], Reward: 235.0411094951549
Episode 282, Last State: [3. 1. 3.], Reward: 243.14500053324892
Episode 283, Last State: [4. 1. 1.], Reward: 177.12977290924027
Episode 284, Last State: [4. 1. 1.], Reward: 177.12977290924027
Episode 285, Last State: [3. 1. 2.], Reward: 211.4832867096065
Episode 286, Last State: [2. 1. 1.], Reward: 179.92899655786732
Episode 287, Last State: [5. 1. 3.], Reward: 240.40066362283025
Episode 288, Last State: [2. 1. 4.], Reward: 274.9526804745441
Episode 289, Last State: [2. 1. 3.], Reward: 244.55846990037745
Episode 290, Last State: [2. 1. 2.], Reward: 212.89675607673502
Episode 291, Last State: [6. 1. 1.], Reward: 174.4392465264769
Episode 292, Last State: [4. 1. 2.], Reward: 210.09753242810797
Episode 293, Last State: [4. 1. 1.], Reward: 177.12977290924027
Episode 294, Last State: [4. 1. 1.], Reward: 177.12977290924027
Episode 295, Last State: [2. 1. 2.], Reward: 212.89675607673502
Episode 296, Last State: [3. 1. 5.], Reward: 302.7034515415345
Episode 297, Last State: [2. 1. 3.], Reward: 244.55846990037745
Episode 298, Last State: [4. 1. 6.], Reward: 209.41357824508282
Episode 299, Last State: [1. 2. 2.], Reward: 309.493252626105
Episode 300, Last State: [3. 1. 5.], Reward: 212.13127628042565
Episode 301, Last State: [5. 1. 3.], Reward: 240.40066362283025
Episode 302, Last State: [3. 1. 5.], Reward: 212.13127628042565
Episode 303, Last State: [1. 1. 1.], Reward: 181.37073531233835
Episode 304, Last State: [1. 1. 3.], Reward: 231.8656361372237
Episode 305, Last State: [1. 1. 1.], Reward: 181.37073531233835
Episode 306, Last State: [1. 1. 2.], Reward: 214.33849483120608
Episode 307, Last State: [1. 1. 1.], Reward: 181.37073531233835
Episode 308, Last State: [3. 1. 5.], Reward: 212.13127628042565
Episode 309, Last State: [3. 1. 1.], Reward: 178.5155271907388
Episode 310, Last State: [1. 1. 2.], Reward: 214.33849483120608
Episode 311, Last State: [4. 1. 2.], Reward: 210.09753242810797
Episode 312, Last State: [5. 1. 2.], Reward: 208.73894979918782
Episode 313, Last State: [4. 1. 2.], Reward: 210.09753242810797
Episode 314, Last State: [2. 1. 2.], Reward: 260.9547145592108
Episode 315, Last State: [1. 1. 2.], Reward: 214.33849483120608
Episode 316, Last State: [1. 1. 1.], Reward: 181.37073531233835
Episode 317, Last State: [2. 1. 3.], Reward: 244.55846990037745
Episode 318, Last State: [2. 1. 2.], Reward: 212.89675607673502
Episode 319, Last State: [3. 1. 2.], Reward: 211.4832867096065
Episode 320, Last State: [1. 1. 1.], Reward: 166.66511439392207
Episode 321, Last State: [5. 1. 4.], Reward: 270.79487419699683
Episode 322, Last State: [6. 1. 2.], Reward: 207.4070060453446
Episode 323, Last State: [1. 1. 2.], Reward: 214.33849483120608
Episode 324, Last State: [1. 1. 1.], Reward: 181.37073531233835
Episode 325, Last State: [3. 1. 1.], Reward: 178.5155271907388
Episode 326, Last State: [3. 1. 1.], Reward: 178.5155271907388
Episode 327, Last State: [1. 1. 1.], Reward: 181.37073531233835
Episode 328, Last State: [1. 1. 1.], Reward: 181.37073531233835
Episode 329, Last State: [2. 1. 1.], Reward: 179.92899655786732
Episode 330, Last State: [5. 2. 2.], Reward: 347.3132802143024
Episode 331, Last State: [3. 1. 1.], Reward: 178.5155271907388
Episode 332, Last State: [1. 1. 1.], Reward: 102.94026144644609
Episode 333, Last State: [3. 1. 1.], Reward: 178.5155271907388
Episode 334, Last State: [6. 1. 1.], Reward: 174.4392465264769
Episode 335, Last State: [2. 1. 1.], Reward: 179.92899655786732
Episode 336, Last State: [4. 1. 1.], Reward: 177.12977290924027
Episode 337, Last State: [1. 1. 1.], Reward: 205.88029413823506
Episode 338, Last State: [1. 1. 1.], Reward: 102.94026144644609
Episode 339, Last State: [4. 2. 1.], Reward: 100.28821986238135
Episode 340, Last State: [1. 1. 1.], Reward: 102.94026144644609
Episode 341, Last State: [8. 1. 1.], Reward: 98.49874336306904
Episode 342, Last State: [5. 1. 1.], Reward: 175.77119028032013
Episode 343, Last State: [1. 1. 1.], Reward: 181.37073531233835
Episode 344, Last State: [3. 1. 1.], Reward: 178.5155271907388
Episode 345, Last State: [8. 1. 1.], Reward: 171.8531965622675
Episode 346, Last State: [5. 1. 3.], Reward: 240.40066362283025
Episode 347, Last State: [3. 1. 1.], Reward: 178.5155271907388
Episode 348, Last State: [4. 1. 1.], Reward: 177.12977290924027
Episode 349, Last State: [3. 1. 4.], Reward: 273.53921110741555
Episode 350, Last State: [2. 1. 3.], Reward: 244.55846990037745
Episode 351, Last State: [3. 1. 1.], Reward: 178.5155271907388
Episode 352, Last State: [3. 1. 1.], Reward: 178.5155271907388
Episode 353, Last State: [5. 1. 1.], Reward: 175.77119028032013
Episode 354, Last State: [14.  1.  1.], Reward: 164.68211727791555
Episode 355, Last State: [4. 1. 6.], Reward: 329.2885160907127
Episode 356, Last State: [4. 1. 2.], Reward: 210.09753242810797
Episode 357, Last State: [2. 1. 1.], Reward: 179.92899655786732
Episode 358, Last State: [4. 1. 2.], Reward: 210.09753242810797
Episode 359, Last State: [3. 1. 1.], Reward: 178.5155271907388
Episode 360, Last State: [1. 2. 1.], Reward: 276.5254931072373
Episode 361, Last State: [1. 1. 2.], Reward: 214.33849483120608
Episode 362, Last State: [3. 1. 3.], Reward: 243.14500053324892
Episode 363, Last State: [1. 1. 1.], Reward: 181.37073531233835
Episode 364, Last State: [3. 2. 1.], Reward: 319.8341945162762
Episode 365, Last State: [5. 1. 1.], Reward: 175.77119028032013
Episode 366, Last State: [5. 1. 4.], Reward: 270.79487419699683
Episode 367, Last State: [4. 1. 3.], Reward: 241.7592462517504
Episode 368, Last State: [5. 1. 3.], Reward: 240.40066362283025
Episode 369, Last State: [2. 1. 2.], Reward: 212.89675607673502
Episode 370, Last State: [2. 1. 1.], Reward: 179.92899655786732
Episode 371, Last State: [1. 1. 1.], Reward: 181.37073531233835
Episode 372, Last State: [6. 1. 4.], Reward: 269.4629304431536
Episode 373, Last State: [9. 1. 2.], Reward: 203.56583573352827
Episode 374, Last State: [3. 1. 1.], Reward: 178.5155271907388
Episode 375, Last State: [8. 1. 2.], Reward: 204.82095608113522
Episode 376, Last State: [4. 1. 4.], Reward: 272.15345682591703
Episode 377, Last State: [3. 1. 1.], Reward: 178.5155271907388
Episode 378, Last State: [4. 1. 1.], Reward: 177.12977290924027
Episode 379, Last State: [1. 1. 3.], Reward: 246.0002086548485
Episode 380, Last State: [3. 1. 1.], Reward: 178.5155271907388
Episode 381, Last State: [4. 1. 3.], Reward: 241.7592462517504
Episode 382, Last State: [3. 1. 1.], Reward: 178.5155271907388
Episode 383, Last State: [7. 1. 1.], Reward: 173.13341931682663
Episode 384, Last State: [6. 1. 1.], Reward: 174.4392465264769
Episode 385, Last State: [6. 1. 1.], Reward: 174.4392465264769
Episode 386, Last State: [1. 1. 1.], Reward: 181.37073531233835
Episode 387, Last State: [3. 1. 2.], Reward: 211.4832867096065
Episode 388, Last State: [1. 1. 1.], Reward: 181.37073531233835
Episode 389, Last State: [2. 1. 2.], Reward: 212.89675607673502
Episode 390, Last State: [3. 1. 1.], Reward: 178.5155271907388
Episode 391, Last State: [3. 1. 1.], Reward: 178.5155271907388
Episode 392, Last State: [1. 1. 1.], Reward: 181.37073531233835
Episode 393, Last State: [3. 1. 1.], Reward: 178.5155271907388
Episode 394, Last State: [3. 1. 3.], Reward: 243.14500053324892
Episode 395, Last State: [3. 1. 5.], Reward: 212.13127628042565
Episode 396, Last State: [2. 1. 3.], Reward: 244.55846990037745
Episode 397, Last State: [3. 1. 2.], Reward: 211.4832867096065
Episode 398, Last State: [5. 1. 3.], Reward: 240.40066362283025
Episode 399, Last State: [1. 1. 1.], Reward: 181.37073531233835
Episode 400, Last State: [4. 1. 3.], Reward: 241.7592462517504
Episode 401, Last State: [1. 1. 4.], Reward: 216.34506703094644
Episode 402, Last State: [2. 1. 1.], Reward: 179.92899655786732
Episode 403, Last State: [3. 1. 1.], Reward: 178.5155271907388
Episode 404, Last State: [1. 1. 2.], Reward: 214.33849483120608
Episode 405, Last State: [2. 1. 1.], Reward: 179.92899655786732
Episode 406, Last State: [1. 1. 1.], Reward: 181.37073531233835
Episode 407, Last State: [4. 1. 2.], Reward: 210.09753242810797
Episode 408, Last State: [2. 1. 1.], Reward: 179.92899655786732
Episode 409, Last State: [3. 1. 3.], Reward: 243.14500053324892
Episode 410, Last State: [1. 1. 2.], Reward: 214.33849483120608
Episode 411, Last State: [4. 1. 1.], Reward: 177.12977290924027
Episode 412, Last State: [2. 1. 1.], Reward: 179.92899655786732
Episode 413, Last State: [2. 1. 4.], Reward: 274.9526804745441
Episode 414, Last State: [5. 1. 2.], Reward: 208.73894979918782
Episode 415, Last State: [5. 1. 1.], Reward: 175.77119028032013
Episode 416, Last State: [1. 1. 1.], Reward: 181.37073531233835
Episode 417, Last State: [4. 1. 1.], Reward: 177.12977290924027
Episode 418, Last State: [2. 1. 1.], Reward: 179.92899655786732
Episode 419, Last State: [1. 1. 1.], Reward: 181.37073531233835
Episode 420, Last State: [2. 1. 4.], Reward: 274.9526804745441
Episode 421, Last State: [1. 1. 2.], Reward: 214.33849483120608
Episode 422, Last State: [2. 1. 3.], Reward: 244.55846990037745
Episode 423, Last State: [1. 1. 1.], Reward: 181.37073531233835
Episode 424, Last State: [3. 1. 2.], Reward: 211.4832867096065
Episode 425, Last State: [5. 1. 3.], Reward: 240.40066362283025
Episode 426, Last State: [3. 1. 1.], Reward: 178.5155271907388
Episode 427, Last State: [4. 2. 1.], Reward: 317.062685953277
Episode 428, Last State: [1. 1. 1.], Reward: 181.37073531233835
Episode 429, Last State: [5. 1. 2.], Reward: 199.30888678119962
Episode 430, Last State: [1. 1. 3.], Reward: 246.0002086548485
Episode 431, Last State: [4. 1. 3.], Reward: 241.7592462517504
Episode 432, Last State: [1. 1. 1.], Reward: 102.94026144644609
Episode 433, Last State: [2. 1. 2.], Reward: 212.89675607673502
Episode 434, Last State: [4. 1. 2.], Reward: 210.09753242810797
Episode 435, Last State: [3. 1. 3.], Reward: 243.14500053324892
Episode 436, Last State: [1. 1. 1.], Reward: 181.37073531233835
Episode 437, Last State: [4. 1. 2.], Reward: 210.09753242810797
Episode 438, Last State: [1. 1. 1.], Reward: 181.37073531233835
Episode 439, Last State: [2. 1. 1.], Reward: 179.92899655786732
Episode 440, Last State: [3. 1. 1.], Reward: 101.60783098969138
Episode 441, Last State: [2. 1. 1.], Reward: 179.92899655786732
Episode 442, Last State: [3. 1. 1.], Reward: 178.5155271907388
Episode 443, Last State: [1. 1. 1.], Reward: 181.37073531233835
Episode 444, Last State: [2. 1. 1.], Reward: 179.92899655786732
Episode 445, Last State: [6. 1. 1.], Reward: 174.4392465264769
Episode 446, Last State: [6. 1. 1.], Reward: 174.4392465264769
Episode 447, Last State: [4. 1. 1.], Reward: 177.12977290924027
Episode 448, Last State: [4. 1. 1.], Reward: 177.12977290924027
Episode 449, Last State: [3. 1. 1.], Reward: 178.5155271907388
Episode 450, Last State: [2. 1. 1.], Reward: 102.2674500276852
Episode 451, Last State: [2. 1. 3.], Reward: 273.39292987147996
Episode 452, Last State: [3. 1. 2.], Reward: 201.87026789759096
Episode 453, Last State: [2. 1. 1.], Reward: 179.92899655786732
Episode 454, Last State: [3. 1. 1.], Reward: 178.5155271907388
Episode 455, Last State: [2. 1. 1.], Reward: 179.92899655786732
Episode 456, Last State: [2. 1. 1.], Reward: 179.92899655786732
Episode 457, Last State: [3. 1. 1.], Reward: 178.5155271907388
Episode 458, Last State: [2. 1. 1.], Reward: 179.92899655786732
Episode 459, Last State: [4. 1. 5.], Reward: 301.31769726003597
Episode 460, Last State: [1. 1. 5.], Reward: 305.55865966313405
Episode 461, Last State: [1. 1. 1.], Reward: 181.37073531233835
Episode 462, Last State: [2. 1. 1.], Reward: 179.92899655786732
Episode 463, Last State: [4. 1. 1.], Reward: 206.69223542962442
Episode 464, Last State: [1. 1. 1.], Reward: 102.94026144644609
Episode 465, Last State: [1. 1. 1.], Reward: 181.37073531233835
Episode 466, Last State: [3. 1. 1.], Reward: 178.5155271907388
Episode 467, Last State: [3. 1. 1.], Reward: 178.5155271907388
Episode 468, Last State: [2. 1. 1.], Reward: 179.92899655786732
Episode 469, Last State: [5. 1. 1.], Reward: 175.77119028032013
Episode 470, Last State: [1. 3. 3.], Reward: 409.00149607183835
Episode 471, Last State: [4. 1. 1.], Reward: 100.9611456583249
Episode 472, Last State: [4. 1. 4.], Reward: 272.15345682591703
Episode 473, Last State: [2. 1. 3.], Reward: 244.55846990037745
Episode 474, Last State: [1. 1. 1.], Reward: 181.37073531233835
Episode 475, Last State: [2. 1. 1.], Reward: 179.92899655786732
Episode 476, Last State: [1. 1. 1.], Reward: 181.37073531233835
Episode 477, Last State: [1. 1. 1.], Reward: 181.37073531233835
Episode 478, Last State: [1. 1. 1.], Reward: 181.37073531233835
Episode 479, Last State: [2. 1. 3.], Reward: 244.55846990037745
Episode 480, Last State: [1. 1. 3.], Reward: 246.0002086548485
Episode 481, Last State: [5. 1. 2.], Reward: 208.73894979918782
Episode 482, Last State: [2. 1. 2.], Reward: 212.89675607673502
Episode 483, Last State: [1. 1. 2.], Reward: 214.33849483120608
Episode 484, Last State: [4. 1. 1.], Reward: 177.12977290924027
Episode 485, Last State: [4. 1. 1.], Reward: 100.9611456583249
Episode 486, Last State: [2. 1. 1.], Reward: 179.92899655786732
Episode 487, Last State: [3. 1. 1.], Reward: 178.5155271907388
Episode 488, Last State: [4. 1. 1.], Reward: 100.9611456583249
Episode 489, Last State: [1. 1. 1.], Reward: 181.37073531233835
Episode 490, Last State: [1. 1. 1.], Reward: 102.94026144644609
Episode 491, Last State: [1. 1. 1.], Reward: 181.37073531233835
Episode 492, Last State: [6. 1. 1.], Reward: 99.70556667970101
Episode 493, Last State: [2. 1. 1.], Reward: 179.92899655786732
Episode 494, Last State: [2. 1. 2.], Reward: 212.89675607673502
Episode 495, Last State: [1. 1. 1.], Reward: 102.94026144644609
Episode 496, Last State: [1. 1. 2.], Reward: 214.33849483120608
Episode 497, Last State: [4. 1. 1.], Reward: 177.12977290924027
Episode 498, Last State: [2. 1. 1.], Reward: 179.92899655786732
Episode 499, Last State: [2. 1. 1.], Reward: 179.92899655786732
Episode 500, Last State: [2. 1. 1.], Reward: 179.92899655786732
Episode 501, Last State: [1. 1. 2.], Reward: 204.53512881108452
Episode 502, Last State: [2. 1. 1.], Reward: 179.92899655786732
Episode 503, Last State: [1. 1. 1.], Reward: 181.37073531233835
Episode 504, Last State: [5. 1. 1.], Reward: 175.77119028032013
Episode 505, Last State: [1. 1. 2.], Reward: 214.33849483120608
Episode 506, Last State: [1. 1. 1.], Reward: 181.37073531233835
Episode 507, Last State: [1. 1. 1.], Reward: 102.94026144644609
Episode 508, Last State: [2. 1. 1.], Reward: 179.92899655786732
Episode 509, Last State: [4. 1. 1.], Reward: 100.9611456583249
Episode 510, Last State: [3. 1. 2.], Reward: 211.4832867096065
Episode 511, Last State: [1. 1. 3.], Reward: 246.0002086548485
Episode 512, Last State: [4. 1. 2.], Reward: 210.09753242810797
Episode 513, Last State: [1. 1. 1.], Reward: 181.37073531233835
Episode 514, Last State: [1. 1. 1.], Reward: 181.37073531233835
Episode 515, Last State: [1. 1. 1.], Reward: 181.37073531233835
Episode 516, Last State: [2. 1. 1.], Reward: 179.92899655786732
Episode 517, Last State: [5. 1. 1.], Reward: 100.32714043149501
Episode 518, Last State: [2. 1. 1.], Reward: 179.92899655786732
Episode 519, Last State: [2. 1. 1.], Reward: 179.92899655786732
Episode 520, Last State: [2. 1. 1.], Reward: 179.92899655786732
Episode 521, Last State: [2. 1. 1.], Reward: 179.92899655786732
Episode 522, Last State: [2. 1. 2.], Reward: 236.92536768012656
Episode 523, Last State: [2. 1. 1.], Reward: 102.2674500276852
Episode 524, Last State: [2. 1. 3.], Reward: 244.55846990037745
Episode 525, Last State: [4. 1. 1.], Reward: 100.9611456583249
Episode 526, Last State: [1. 1. 1.], Reward: 181.37073531233835
Episode 527, Last State: [2. 1. 1.], Reward: 179.92899655786732
Episode 528, Last State: [3. 1. 1.], Reward: 178.5155271907388
Episode 529, Last State: [1. 1. 1.], Reward: 181.37073531233835
Episode 530, Last State: [2. 1. 2.], Reward: 203.18950597357787
Episode 531, Last State: [2. 1. 1.], Reward: 179.92899655786732
Episode 532, Last State: [1. 1. 2.], Reward: 214.33849483120608
Episode 533, Last State: [6. 1. 3.], Reward: 239.06871986898702
Episode 534, Last State: [1. 1. 1.], Reward: 102.94026144644609
Episode 535, Last State: [2. 1. 2.], Reward: 203.18950597357787
Episode 536, Last State: [4. 1. 1.], Reward: 177.12977290924027
Episode 537, Last State: [1. 1. 3.], Reward: 245.99947338278915
Episode 538, Last State: [2. 1. 1.], Reward: 179.92899655786732
Episode 539, Last State: [3. 1. 1.], Reward: 178.5155271907388
Episode 540, Last State: [2. 1. 1.], Reward: 179.92899655786732
Episode 541, Last State: [2. 1. 1.], Reward: 191.4623741538444
Episode 542, Last State: [1. 1. 1.], Reward: 181.37073531233835
Episode 543, Last State: [1. 1. 2.], Reward: 229.93438997665928
Episode 544, Last State: [3. 1. 1.], Reward: 178.5155271907388
Episode 545, Last State: [1. 1. 1.], Reward: 181.37073531233835
Episode 546, Last State: [2. 1. 2.], Reward: 212.89675607673502
Episode 547, Last State: [1. 1. 2.], Reward: 204.53512881108452
Episode 548, Last State: [1. 1. 1.], Reward: 181.37073531233835
Episode 549, Last State: [1. 1. 1.], Reward: 102.94026144644609
Episode 550, Last State: [3. 1. 2.], Reward: 211.4832867096065
Episode 551, Last State: [1. 1. 1.], Reward: 102.94026144644609
Episode 552, Last State: [1. 1. 1.], Reward: 102.94026144644609
Episode 553, Last State: [2. 1. 1.], Reward: 179.92899655786732
Episode 554, Last State: [1. 1. 1.], Reward: 181.37073531233835
Episode 555, Last State: [3. 1. 1.], Reward: 178.5155271907388
Episode 556, Last State: [3. 1. 1.], Reward: 101.60783098969138
Episode 557, Last State: [1. 1. 2.], Reward: 214.33849483120608
Episode 558, Last State: [3. 1. 2.], Reward: 211.4832867096065
Episode 559, Last State: [2. 1. 1.], Reward: 179.92899655786732
Episode 560, Last State: [3. 1. 1.], Reward: 101.60783098969138
Episode 561, Last State: [2. 1. 1.], Reward: 227.9869550403431
Episode 562, Last State: [1. 1. 2.], Reward: 204.53512881108452
Episode 563, Last State: [1. 1. 1.], Reward: 181.37073531233835
Episode 564, Last State: [2. 1. 1.], Reward: 179.92899655786732
Episode 565, Last State: [4. 1. 1.], Reward: 223.3215822926146
Episode 566, Last State: [1. 1. 1.], Reward: 181.37073531233835
Episode 567, Last State: [1. 1. 1.], Reward: 102.94026144644609
Episode 568, Last State: [3. 1. 1.], Reward: 101.60783098969138
Episode 569, Last State: [1. 1. 1.], Reward: 102.94026144644609
Episode 570, Last State: [1. 2. 1.], Reward: 102.26733565050255
Episode 571, Last State: [2. 1. 3.], Reward: 244.5577346283181
Episode 572, Last State: [1. 1. 2.], Reward: 204.53512881108452
Episode 573, Last State: [1. 1. 2.], Reward: 214.33849483120608
Episode 574, Last State: [1. 1. 3.], Reward: 246.0002086548485
Episode 575, Last State: [1. 1. 1.], Reward: 102.94026144644609
Episode 576, Last State: [2. 1. 2.], Reward: 203.18950597357787
Episode 577, Last State: [1. 1. 1.], Reward: 181.37073531233835
Episode 578, Last State: [6. 1. 1.], Reward: 174.4392465264769
Episode 579, Last State: [2. 1. 1.], Reward: 196.26823889914766
Episode 580, Last State: [3. 1. 2.], Reward: 211.4832867096065
Episode 581, Last State: [1. 1. 1.], Reward: 181.37073531233835
Episode 582, Last State: [5. 1. 2.], Reward: 199.30888678119962
Episode 583, Last State: [6. 1. 1.], Reward: 174.4392465264769
Episode 584, Last State: [1. 1. 1.], Reward: 181.37073531233835
Episode 585, Last State: [4. 1. 1.], Reward: 177.12977290924027
Episode 586, Last State: [4. 1. 1.], Reward: 177.12977290924027
Episode 587, Last State: [2. 1. 1.], Reward: 102.2674500276852
Episode 588, Last State: [2. 1. 1.], Reward: 179.92899655786732
Episode 589, Last State: [3. 1. 2.], Reward: 211.4832867096065
Episode 590, Last State: [3. 1. 1.], Reward: 101.60783098969138
Episode 591, Last State: [5. 1. 1.], Reward: 177.58193670901989
Episode 592, Last State: [2. 1. 2.], Reward: 203.18950597357787
Episode 593, Last State: [4. 1. 1.], Reward: 100.9611456583249
Episode 594, Last State: [3. 1. 1.], Reward: 172.7474413973398
Episode 595, Last State: [2. 1. 1.], Reward: 102.2674500276852
Episode 596, Last State: [4. 1. 1.], Reward: 100.9611456583249
Episode 597, Last State: [2. 1. 1.], Reward: 102.2674500276852
Episode 598, Last State: [3. 1. 1.], Reward: 101.60783098969138
Episode 599, Last State: [4. 1. 1.], Reward: 100.9611456583249
Episode 600, Last State: [3. 1. 1.], Reward: 101.60783098969138
Episode 601, Last State: [1. 1. 1.], Reward: 181.37073531233835
Episode 602, Last State: [1. 1. 1.], Reward: 181.37073531233835
Episode 603, Last State: [3. 1. 1.], Reward: 101.60783098969138
Episode 604, Last State: [2. 1. 3.], Reward: 244.55846990037745
Episode 605, Last State: [2. 1. 1.], Reward: 102.2674500276852
Episode 606, Last State: [3. 1. 1.], Reward: 101.60783098969138
Episode 607, Last State: [6. 1. 1.], Reward: 99.70556667970101
Episode 608, Last State: [7. 1. 1.], Reward: 99.09618064853042
Episode 609, Last State: [1. 1. 2.], Reward: 204.53512881108452
Episode 610, Last State: [3. 2. 1.], Reward: 100.93490519374784
Episode 611, Last State: [2. 1. 1.], Reward: 102.2674500276852
Episode 612, Last State: [1. 1. 2.], Reward: 204.53512881108452
Episode 613, Last State: [2. 1. 1.], Reward: 102.2674500276852
Episode 614, Last State: [4. 1. 1.], Reward: 100.9611456583249
Episode 615, Last State: [4. 1. 2.], Reward: 200.5768972348587
Episode 616, Last State: [1. 1. 1.], Reward: 102.94026144644609
Episode 617, Last State: [1. 1. 1.], Reward: 102.94026144644609
Episode 618, Last State: [1. 1. 1.], Reward: 102.94026144644609
Episode 619, Last State: [2. 1. 1.], Reward: 102.2674500276852
Episode 620, Last State: [1. 1. 1.], Reward: 102.94026144644609
Episode 621, Last State: [2. 1. 1.], Reward: 102.2674500276852
Episode 622, Last State: [2. 1. 1.], Reward: 102.2674500276852
Episode 623, Last State: [4. 1. 1.], Reward: 100.9611456583249
Episode 624, Last State: [1. 1. 1.], Reward: 102.94026144644609
Episode 625, Last State: [2. 1. 1.], Reward: 102.2674500276852
Episode 626, Last State: [1. 1. 1.], Reward: 102.94026144644609
Episode 627, Last State: [4. 1. 1.], Reward: 100.9611456583249
Episode 628, Last State: [1. 1. 2.], Reward: 204.53512881108452
Episode 629, Last State: [1. 1. 1.], Reward: 102.94026144644609
Episode 630, Last State: [5. 1. 1.], Reward: 100.32714043149501
Episode 631, Last State: [2. 1. 1.], Reward: 102.2674500276852
Episode 632, Last State: [4. 1. 1.], Reward: 100.9611456583249
Episode 633, Last State: [1. 2. 1.], Reward: 276.5254931072373
Episode 634, Last State: [3. 2. 1.], Reward: 100.93490519374784
Episode 635, Last State: [5. 1. 1.], Reward: 100.32714043149501
Episode 636, Last State: [2. 1. 2.], Reward: 203.18950597357787
Episode 637, Last State: [3. 1. 1.], Reward: 101.60783098969138
Episode 638, Last State: [3. 2. 3.], Reward: 298.8074242110348
Episode 639, Last State: [4. 1. 1.], Reward: 100.9611456583249
Episode 640, Last State: [3. 1. 3.], Reward: 243.1442652611896
Episode 641, Last State: [1. 1. 1.], Reward: 102.94026144644609
Episode 642, Last State: [2. 1. 1.], Reward: 102.2674500276852
Episode 643, Last State: [3. 1. 2.], Reward: 201.87026789759096
Episode 644, Last State: [3. 1. 3.], Reward: 243.1442652611896
Episode 645, Last State: [1. 2. 1.], Reward: 102.26733565050255
Episode 646, Last State: [2. 1. 1.], Reward: 102.2674500276852
Episode 647, Last State: [1. 1. 2.], Reward: 204.53512881108452
Episode 648, Last State: [5. 1. 1.], Reward: 100.32714043149501
Episode 649, Last State: [1. 1. 1.], Reward: 181.37073531233835
Episode 650, Last State: [3. 1. 1.], Reward: 101.60783098969138
Episode 651, Last State: [1. 1. 1.], Reward: 102.94026144644609
Episode 652, Last State: [1. 1. 1.], Reward: 102.94026144644609
Episode 653, Last State: [1. 1. 1.], Reward: 102.94026144644609
Episode 654, Last State: [8. 1. 1.], Reward: 98.49874336306904
Episode 655, Last State: [3. 1. 1.], Reward: 101.60783098969138
Episode 656, Last State: [3. 1. 2.], Reward: 235.04074185728706
Episode 657, Last State: [1. 1. 1.], Reward: 102.94026144644609
Episode 658, Last State: [1. 1. 1.], Reward: 102.94026144644609
Episode 659, Last State: [2. 1. 1.], Reward: 102.2674500276852
Episode 660, Last State: [1. 1. 1.], Reward: 102.94026144644609
Episode 661, Last State: [4. 1. 3.], Reward: 241.75851097969107
Episode 662, Last State: [3. 1. 1.], Reward: 101.60783098969138
Episode 663, Last State: [2. 1. 1.], Reward: 102.2674500276852
Episode 664, Last State: [1. 1. 1.], Reward: 102.94026144644609
Episode 665, Last State: [1. 1. 3.], Reward: 261.983726815282
Episode 666, Last State: [3. 1. 1.], Reward: 101.60783098969138
Episode 667, Last State: [3. 1. 2.], Reward: 235.04074185728706
Episode 668, Last State: [1. 1. 1.], Reward: 102.94026144644609
Episode 669, Last State: [3. 1. 1.], Reward: 101.60783098969138
Episode 670, Last State: [1. 1. 1.], Reward: 102.94026144644609
Episode 671, Last State: [3. 1. 1.], Reward: 101.60783098969138
Episode 672, Last State: [2. 1. 1.], Reward: 102.2674500276852
Episode 673, Last State: [3. 1. 1.], Reward: 101.60783098969138
Episode 674, Last State: [1. 1. 1.], Reward: 102.94026144644609
Episode 675, Last State: [2. 1. 1.], Reward: 102.2674500276852
Episode 676, Last State: [1. 1. 2.], Reward: 204.53512881108452
Episode 677, Last State: [2. 1. 1.], Reward: 102.2674500276852
Episode 678, Last State: [1. 1. 1.], Reward: 102.94026144644609
Episode 679, Last State: [1. 1. 2.], Reward: 204.53512881108452
Episode 680, Last State: [5. 1. 1.], Reward: 100.32714043149501
Episode 681, Last State: [3. 1. 1.], Reward: 101.60783098969138
Episode 682, Last State: [2. 1. 1.], Reward: 102.2674500276852
Episode 683, Last State: [1. 1. 2.], Reward: 209.43704057627053
Episode 684, Last State: [1. 1. 1.], Reward: 102.94026144644609
Episode 685, Last State: [3. 1. 1.], Reward: 101.60783098969138
Episode 686, Last State: [3. 1. 1.], Reward: 101.60783098969138
Episode 687, Last State: [2. 1. 1.], Reward: 102.2674500276852
Episode 688, Last State: [3. 1. 1.], Reward: 101.60783098969138
Episode 689, Last State: [1. 1. 1.], Reward: 102.94026144644609
Episode 690, Last State: [2. 1. 2.], Reward: 203.18950597357787
Episode 691, Last State: [5. 1. 1.], Reward: 100.32714043149501
Episode 692, Last State: [3. 1. 1.], Reward: 101.60783098969138
Episode 693, Last State: [2. 1. 1.], Reward: 102.2674500276852
Episode 694, Last State: [6. 1. 1.], Reward: 99.70556667970101
Episode 695, Last State: [2. 1. 1.], Reward: 102.2674500276852
Episode 696, Last State: [3. 1. 1.], Reward: 101.60783098969138
Episode 697, Last State: [3. 1. 1.], Reward: 101.60783098969138
Episode 698, Last State: [1. 1. 1.], Reward: 102.94026144644609
Episode 699, Last State: [2. 1. 1.], Reward: 102.2674500276852
Episode 700, Last State: [3. 1. 1.], Reward: 101.60783098969138
Episode 701, Last State: [1. 1. 1.], Reward: 102.94026144644609
Episode 702, Last State: [1. 1. 1.], Reward: 102.94026144644609
Episode 703, Last State: [3. 1. 1.], Reward: 101.60783098969138
Episode 704, Last State: [1. 1. 1.], Reward: 102.94026144644609
Episode 705, Last State: [2. 1. 1.], Reward: 102.2674500276852
Episode 706, Last State: [2. 1. 1.], Reward: 102.2674500276852
Episode 707, Last State: [3. 1. 1.], Reward: 101.60783098969138
Episode 708, Last State: [6. 1. 1.], Reward: 99.70556667970101
Episode 709, Last State: [4. 1. 2.], Reward: 200.5768972348587
Episode 710, Last State: [6. 1. 1.], Reward: 99.70556667970101
Episode 711, Last State: [5. 1. 1.], Reward: 100.32714043149501
Episode 712, Last State: [5. 1. 1.], Reward: 100.32714043149501
Episode 713, Last State: [6. 1. 1.], Reward: 99.70556667970101
Episode 714, Last State: [4. 1. 1.], Reward: 100.9611456583249
Episode 715, Last State: [1. 1. 1.], Reward: 102.94026144644609
Episode 716, Last State: [2. 1. 1.], Reward: 102.2674500276852
Episode 717, Last State: [3. 1. 1.], Reward: 101.60783098969138
Episode 718, Last State: [5. 1. 1.], Reward: 100.32714043149501
Episode 719, Last State: [4. 1. 1.], Reward: 100.9611456583249
Episode 720, Last State: [3. 1. 1.], Reward: 101.60783098969138
Episode 721, Last State: [5. 1. 1.], Reward: 100.32714043149501
Episode 722, Last State: [5. 1. 1.], Reward: 100.32714043149501
Episode 723, Last State: [6. 1. 1.], Reward: 99.70556667970101
Episode 724, Last State: [1. 1. 2.], Reward: 229.93438997665928
Episode 725, Last State: [2. 1. 1.], Reward: 102.2674500276852
Episode 726, Last State: [2. 1. 1.], Reward: 102.2674500276852
Episode 727, Last State: [6. 1. 1.], Reward: 99.70556667970101
Episode 728, Last State: [5. 1. 1.], Reward: 100.32714043149501
Episode 729, Last State: [2. 1. 1.], Reward: 102.2674500276852
Episode 730, Last State: [6. 1. 1.], Reward: 99.70556667970101
Episode 731, Last State: [2. 1. 1.], Reward: 102.2674500276852
Episode 732, Last State: [7. 1. 1.], Reward: 99.09618064853042
Episode 733, Last State: [3. 1. 1.], Reward: 101.60783098969138
Episode 734, Last State: [1. 1. 1.], Reward: 102.94026144644609
Episode 735, Last State: [2. 1. 1.], Reward: 102.2674500276852
Episode 736, Last State: [1. 1. 1.], Reward: 102.94026144644609
Episode 737, Last State: [2. 1. 1.], Reward: 102.2674500276852
Episode 738, Last State: [2. 1. 1.], Reward: 102.2674500276852
Episode 739, Last State: [1. 1. 1.], Reward: 102.94026144644609
Episode 740, Last State: [1. 1. 1.], Reward: 102.94026144644609
Episode 741, Last State: [4. 1. 1.], Reward: 100.9611456583249
Episode 742, Last State: [2. 1. 1.], Reward: 102.2674500276852
Episode 743, Last State: [6. 1. 1.], Reward: 99.70556667970101
Episode 744, Last State: [3. 1. 1.], Reward: 101.60783098969138
Episode 745, Last State: [2. 1. 1.], Reward: 102.2674500276852
Episode 746, Last State: [2. 1. 1.], Reward: 102.2674500276852
Episode 747, Last State: [4. 1. 1.], Reward: 100.9611456583249
Episode 748, Last State: [4. 1. 1.], Reward: 100.9611456583249
Episode 749, Last State: [1. 1. 1.], Reward: 102.94026144644609
Episode 750, Last State: [4. 1. 2.], Reward: 200.5768972348587
Episode 751, Last State: [5. 1. 1.], Reward: 100.32714043149501
Episode 752, Last State: [3. 1. 1.], Reward: 101.60783098969138
Episode 753, Last State: [1. 1. 1.], Reward: 102.94026144644609
Episode 754, Last State: [1. 1. 1.], Reward: 102.94026144644609
Episode 755, Last State: [2. 1. 1.], Reward: 102.2674500276852
Episode 756, Last State: [8. 1. 1.], Reward: 98.49874336306904
Episode 757, Last State: [2. 1. 1.], Reward: 102.2674500276852
Episode 758, Last State: [3. 1. 1.], Reward: 101.60783098969138
Episode 759, Last State: [1. 1. 1.], Reward: 102.94026144644609
Episode 760, Last State: [2. 1. 1.], Reward: 160.51379374579415
Episode 761, Last State: [4. 1. 1.], Reward: 100.9611456583249
Episode 762, Last State: [3. 1. 1.], Reward: 101.60783098969138
Episode 763, Last State: [4. 1. 1.], Reward: 100.9611456583249
Episode 764, Last State: [6. 1. 1.], Reward: 99.70556667970101
Episode 765, Last State: [6. 1. 1.], Reward: 99.70556667970101
Episode 766, Last State: [4. 1. 1.], Reward: 100.9611456583249
Episode 767, Last State: [4. 1. 1.], Reward: 100.9611456583249
Episode 768, Last State: [2. 1. 1.], Reward: 102.2674500276852
Episode 769, Last State: [7. 1. 1.], Reward: 99.09618064853042
Episode 770, Last State: [2. 1. 1.], Reward: 102.2674500276852
Episode 771, Last State: [2. 1. 1.], Reward: 102.2674500276852
Episode 772, Last State: [2. 2. 1.], Reward: 101.59452423174166
Episode 773, Last State: [2. 1. 1.], Reward: 102.2674500276852
Episode 774, Last State: [4. 1. 2.], Reward: 200.5768972348587
Episode 775, Last State: [5. 1. 2.], Reward: 199.30888678119962
Episode 776, Last State: [4. 1. 1.], Reward: 100.9611456583249
Episode 777, Last State: [5. 1. 1.], Reward: 100.32714043149501
Episode 778, Last State: [2. 1. 1.], Reward: 102.2674500276852
Episode 779, Last State: [3. 1. 1.], Reward: 101.60783098969138
Episode 780, Last State: [6. 1. 1.], Reward: 99.70556667970101
Episode 781, Last State: [5. 1. 1.], Reward: 100.32714043149501
Episode 782, Last State: [3. 1. 1.], Reward: 101.60783098969138
Episode 783, Last State: [2. 1. 1.], Reward: 102.2674500276852
Episode 784, Last State: [4. 1. 1.], Reward: 100.9611456583249
Episode 785, Last State: [6. 1. 1.], Reward: 99.70556667970101
Episode 786, Last State: [5. 1. 1.], Reward: 100.32714043149501
Episode 787, Last State: [1. 1. 1.], Reward: 102.94026144644609
Episode 788, Last State: [4. 1. 1.], Reward: 100.9611456583249
Episode 789, Last State: [3. 1. 1.], Reward: 101.60783098969138
Episode 790, Last State: [4. 1. 1.], Reward: 100.9611456583249
Episode 791, Last State: [3. 1. 1.], Reward: 101.60783098969138
Episode 792, Last State: [1. 1. 1.], Reward: 102.94026144644609
Episode 793, Last State: [1. 1. 1.], Reward: 102.94026144644609
Episode 794, Last State: [3. 1. 1.], Reward: 101.60783098969138
Episode 795, Last State: [4. 1. 1.], Reward: 100.9611456583249
Episode 796, Last State: [2. 1. 1.], Reward: 102.2674500276852
Episode 797, Last State: [5. 1. 1.], Reward: 100.32714043149501
Episode 798, Last State: [1. 1. 1.], Reward: 102.94026144644609
Episode 799, Last State: [1. 1. 1.], Reward: 102.94026144644609
Episode 800, Last State: [3. 1. 1.], Reward: 101.60783098969138
Episode 801, Last State: [3. 1. 1.], Reward: 101.60783098969138
Episode 802, Last State: [1. 1. 1.], Reward: 102.94026144644609
Episode 803, Last State: [2. 1. 1.], Reward: 102.2674500276852
Episode 804, Last State: [1. 1. 1.], Reward: 102.94026144644609
Episode 805, Last State: [5. 1. 1.], Reward: 100.32714043149501
Episode 806, Last State: [2. 1. 1.], Reward: 102.2674500276852
Episode 807, Last State: [4. 1. 1.], Reward: 100.9611456583249
Episode 808, Last State: [3. 1. 1.], Reward: 101.60783098969138
Episode 809, Last State: [4. 1. 1.], Reward: 100.9611456583249
Episode 810, Last State: [6. 1. 1.], Reward: 99.70556667970101
Episode 811, Last State: [2. 1. 1.], Reward: 102.2674500276852
Episode 812, Last State: [1. 1. 1.], Reward: 102.94026144644609
Episode 813, Last State: [2. 1. 2.], Reward: 203.18950597357787
Episode 814, Last State: [3. 1. 1.], Reward: 101.60783098969138
Episode 815, Last State: [2. 1. 1.], Reward: 102.2674500276852
Episode 816, Last State: [2. 1. 1.], Reward: 102.2674500276852
Episode 817, Last State: [2. 1. 1.], Reward: 102.2674500276852
Episode 818, Last State: [2. 1. 1.], Reward: 102.2674500276852
Episode 819, Last State: [3. 1. 1.], Reward: 101.60783098969138
Episode 820, Last State: [3. 1. 1.], Reward: 101.60783098969138
Episode 821, Last State: [1. 1. 1.], Reward: 102.94026144644609
Episode 822, Last State: [1. 1. 1.], Reward: 102.94026144644609
Episode 823, Last State: [5. 1. 1.], Reward: 100.32714043149501
Episode 824, Last State: [3. 1. 1.], Reward: 101.60783098969138
Episode 825, Last State: [2. 1. 1.], Reward: 160.51379374579415
Episode 826, Last State: [3. 1. 1.], Reward: 101.60783098969138
Episode 827, Last State: [6. 1. 1.], Reward: 99.70556667970101
Episode 828, Last State: [2. 1. 1.], Reward: 102.2674500276852
Episode 829, Last State: [2. 1. 1.], Reward: 102.2674500276852
Episode 830, Last State: [3. 1. 1.], Reward: 101.60783098969138
Episode 831, Last State: [4. 1. 1.], Reward: 100.9611456583249
Episode 832, Last State: [4. 1. 1.], Reward: 100.9611456583249
Episode 833, Last State: [4. 1. 1.], Reward: 100.9611456583249
Episode 834, Last State: [2. 1. 1.], Reward: 102.2674500276852
Episode 835, Last State: [3. 1. 1.], Reward: 101.60783098969138
Episode 836, Last State: [4. 1. 2.], Reward: 233.1930694819543
Episode 837, Last State: [5. 1. 1.], Reward: 100.32714043149501
Episode 838, Last State: [2. 1. 1.], Reward: 102.2674500276852
Episode 839, Last State: [3. 1. 1.], Reward: 101.60783098969138
Episode 840, Last State: [1. 1. 1.], Reward: 102.94026144644609
Episode 841, Last State: [4. 1. 1.], Reward: 100.9611456583249
Episode 842, Last State: [5. 1. 1.], Reward: 100.32714043149501
Episode 843, Last State: [5. 1. 1.], Reward: 100.32714043149501
Episode 844, Last State: [7. 1. 1.], Reward: 99.09618064853042
Episode 845, Last State: [5. 1. 1.], Reward: 100.32714043149501
Episode 846, Last State: [5. 1. 1.], Reward: 100.32714043149501
Episode 847, Last State: [1. 1. 1.], Reward: 102.94026144644609
Episode 848, Last State: [4. 1. 1.], Reward: 100.9611456583249
Episode 849, Last State: [3. 1. 1.], Reward: 101.60783098969138
Episode 850, Last State: [7. 1. 1.], Reward: 99.09618064853042
Episode 851, Last State: [1. 1. 1.], Reward: 102.94026144644609
Episode 852, Last State: [4. 1. 1.], Reward: 100.9611456583249
Episode 853, Last State: [5. 1. 1.], Reward: 100.32714043149501
Episode 854, Last State: [4. 1. 1.], Reward: 100.9611456583249
Episode 855, Last State: [2. 1. 1.], Reward: 102.2674500276852
Episode 856, Last State: [1. 1. 1.], Reward: 102.94026144644609
Episode 857, Last State: [1. 1. 1.], Reward: 102.94026144644609
Episode 858, Last State: [6. 1. 2.], Reward: 198.0657392776123
Episode 859, Last State: [2. 1. 1.], Reward: 102.2674500276852
Episode 860, Last State: [3. 1. 1.], Reward: 101.60783098969138
Episode 861, Last State: [3. 1. 1.], Reward: 101.60783098969138
Episode 862, Last State: [6. 1. 1.], Reward: 99.70556667970101
Episode 863, Last State: [3. 1. 1.], Reward: 101.60783098969138
Episode 864, Last State: [3. 1. 1.], Reward: 101.60783098969138
Episode 865, Last State: [1. 1. 1.], Reward: 102.94026144644609
Episode 866, Last State: [2. 1. 1.], Reward: 102.2674500276852
Episode 867, Last State: [2. 1. 1.], Reward: 102.2674500276852
Episode 868, Last State: [3. 1. 1.], Reward: 101.60783098969138
Episode 869, Last State: [2. 1. 2.], Reward: 203.18950597357787
Episode 870, Last State: [2. 1. 1.], Reward: 102.2674500276852
Episode 871, Last State: [3. 1. 1.], Reward: 101.60783098969138
Episode 872, Last State: [4. 1. 1.], Reward: 100.9611456583249
Episode 873, Last State: [4. 1. 1.], Reward: 100.9611456583249
Episode 874, Last State: [3. 1. 1.], Reward: 101.60783098969138
Episode 875, Last State: [2. 1. 1.], Reward: 102.2674500276852
Episode 876, Last State: [1. 1. 1.], Reward: 102.94026144644609
Episode 877, Last State: [3. 1. 1.], Reward: 101.60783098969138
Episode 878, Last State: [4. 1. 1.], Reward: 100.9611456583249
Episode 879, Last State: [2. 1. 1.], Reward: 102.2674500276852
Episode 880, Last State: [3. 1. 1.], Reward: 101.60783098969138
Episode 881, Last State: [1. 1. 1.], Reward: 102.94026144644609
Episode 882, Last State: [5. 1. 1.], Reward: 100.32714043149501
Episode 883, Last State: [3. 1. 1.], Reward: 101.60783098969138
Episode 884, Last State: [6. 1. 1.], Reward: 99.70556667970101
Episode 885, Last State: [2. 1. 1.], Reward: 102.2674500276852
Episode 886, Last State: [1. 1. 1.], Reward: 102.94026144644609
Episode 887, Last State: [5. 1. 1.], Reward: 100.32714043149501
Episode 888, Last State: [3. 1. 1.], Reward: 101.60783098969138
Episode 889, Last State: [5. 1. 1.], Reward: 100.32714043149501
Episode 890, Last State: [4. 1. 1.], Reward: 100.9611456583249
Episode 891, Last State: [6. 1. 1.], Reward: 99.70556667970101
Episode 892, Last State: [5. 1. 1.], Reward: 100.32714043149501
Episode 893, Last State: [5. 1. 1.], Reward: 100.32714043149501
Episode 894, Last State: [1. 1. 1.], Reward: 102.94026144644609
Episode 895, Last State: [2. 1. 1.], Reward: 102.2674500276852
Episode 896, Last State: [5. 1. 1.], Reward: 100.32714043149501
Episode 897, Last State: [1. 1. 1.], Reward: 102.94026144644609
Episode 898, Last State: [4. 1. 1.], Reward: 100.9611456583249
Episode 899, Last State: [6. 1. 1.], Reward: 99.70556667970101
Episode 900, Last State: [2. 1. 1.], Reward: 102.2674500276852
Episode 901, Last State: [4. 1. 1.], Reward: 100.9611456583249
Episode 902, Last State: [3. 1. 1.], Reward: 101.60783098969138
Episode 903, Last State: [3. 1. 1.], Reward: 101.60783098969138
Episode 904, Last State: [5. 1. 1.], Reward: 100.32714043149501
Episode 905, Last State: [5. 1. 1.], Reward: 100.32714043149501
Episode 906, Last State: [4. 1. 2.], Reward: 200.5768972348587
Episode 907, Last State: [4. 1. 1.], Reward: 100.9611456583249
Episode 908, Last State: [1. 1. 1.], Reward: 102.94026144644609
Episode 909, Last State: [1. 1. 1.], Reward: 102.94026144644609
Episode 910, Last State: [4. 1. 2.], Reward: 200.5768972348587
Episode 911, Last State: [4. 1. 1.], Reward: 100.9611456583249
Episode 912, Last State: [3. 1. 1.], Reward: 101.60783098969138
Episode 913, Last State: [1. 1. 1.], Reward: 102.94026144644609
Episode 914, Last State: [1. 1. 3.], Reward: 245.99947338278915
Episode 915, Last State: [1. 1. 1.], Reward: 102.94026144644609
Episode 916, Last State: [1. 1. 1.], Reward: 102.94026144644609
Episode 917, Last State: [1. 1. 1.], Reward: 102.94026144644609
Episode 918, Last State: [1. 1. 1.], Reward: 102.94026144644609
Episode 919, Last State: [1. 1. 1.], Reward: 102.94026144644609
Episode 920, Last State: [4. 1. 1.], Reward: 100.9611456583249
Episode 921, Last State: [1. 1. 2.], Reward: 204.53512881108452
Episode 922, Last State: [3. 1. 1.], Reward: 101.60783098969138
Episode 923, Last State: [2. 1. 1.], Reward: 102.2674500276852
Episode 924, Last State: [5. 1. 1.], Reward: 100.32714043149501
Episode 925, Last State: [4. 1. 1.], Reward: 100.9611456583249
Episode 926, Last State: [2. 1. 1.], Reward: 102.2674500276852
Episode 927, Last State: [4. 1. 1.], Reward: 100.9611456583249
Episode 928, Last State: [3. 1. 1.], Reward: 101.60783098969138
Episode 929, Last State: [3. 1. 1.], Reward: 101.60783098969138
Episode 930, Last State: [2. 1. 1.], Reward: 102.2674500276852
Episode 931, Last State: [1. 1. 1.], Reward: 102.94026144644609
Episode 932, Last State: [3. 1. 1.], Reward: 101.60783098969138
Episode 933, Last State: [3. 1. 1.], Reward: 101.60783098969138
Episode 934, Last State: [2. 1. 1.], Reward: 102.2674500276852
Episode 935, Last State: [3. 1. 1.], Reward: 101.60783098969138
Episode 936, Last State: [1. 1. 1.], Reward: 102.94026144644609
Episode 937, Last State: [8. 1. 1.], Reward: 98.49874336306904
Episode 938, Last State: [5. 1. 1.], Reward: 100.32714043149501
Episode 939, Last State: [4. 1. 1.], Reward: 100.9611456583249
Episode 940, Last State: [1. 1. 1.], Reward: 102.94026144644609
Episode 941, Last State: [2. 1. 1.], Reward: 102.2674500276852
Episode 942, Last State: [5. 1. 1.], Reward: 100.32714043149501
Episode 943, Last State: [2. 1. 1.], Reward: 102.2674500276852
Episode 944, Last State: [5. 1. 1.], Reward: 100.32714043149501
Episode 945, Last State: [5. 1. 1.], Reward: 100.32714043149501
Episode 946, Last State: [3. 1. 1.], Reward: 101.60783098969138
Episode 947, Last State: [5. 1. 1.], Reward: 100.32714043149501
Episode 948, Last State: [5. 1. 1.], Reward: 100.32714043149501
Episode 949, Last State: [8. 1. 1.], Reward: 98.49874336306904
Episode 950, Last State: [3. 1. 1.], Reward: 101.60783098969138
Episode 951, Last State: [3. 1. 1.], Reward: 101.60783098969138
Episode 952, Last State: [4. 1. 2.], Reward: 200.5768972348587
Episode 953, Last State: [5. 1. 1.], Reward: 100.32714043149501
Episode 954, Last State: [3. 1. 1.], Reward: 101.60783098969138
Episode 955, Last State: [4. 1. 1.], Reward: 100.9611456583249
Episode 956, Last State: [2. 1. 1.], Reward: 102.2674500276852
Episode 957, Last State: [6. 2. 1.], Reward: 99.03264088375745
Episode 958, Last State: [1. 1. 1.], Reward: 102.94026144644609
Episode 959, Last State: [1. 1. 1.], Reward: 102.94026144644609
Episode 960, Last State: [5. 1. 2.], Reward: 199.30888678119962
Episode 961, Last State: [1. 1. 1.], Reward: 102.94026144644609
Episode 962, Last State: [3. 1. 1.], Reward: 101.60783098969138
Episode 963, Last State: [3. 1. 1.], Reward: 101.60783098969138
Episode 964, Last State: [3. 1. 1.], Reward: 101.60783098969138
Episode 965, Last State: [4. 1. 1.], Reward: 100.9611456583249
Episode 966, Last State: [1. 1. 1.], Reward: 102.94026144644609
Episode 967, Last State: [4. 1. 1.], Reward: 100.9611456583249
Episode 968, Last State: [5. 1. 1.], Reward: 100.32714043149501
Episode 969, Last State: [5. 1. 1.], Reward: 100.32714043149501
Episode 970, Last State: [1. 1. 1.], Reward: 102.94026144644609
Episode 971, Last State: [2. 1. 1.], Reward: 102.2674500276852
Episode 972, Last State: [3. 1. 1.], Reward: 101.60783098969138
Episode 973, Last State: [2. 1. 1.], Reward: 102.2674500276852
Episode 974, Last State: [1. 2. 2.], Reward: 203.1890484634481
Episode 975, Last State: [1. 1. 1.], Reward: 102.94026144644609
Episode 976, Last State: [5. 1. 1.], Reward: 100.32714043149501
Episode 977, Last State: [2. 1. 1.], Reward: 102.2674500276852
Episode 978, Last State: [1. 1. 2.], Reward: 204.53512881108452
Episode 979, Last State: [2. 1. 1.], Reward: 102.2674500276852
Episode 980, Last State: [5. 1. 1.], Reward: 100.32714043149501
Episode 981, Last State: [6. 1. 1.], Reward: 99.70556667970101
Episode 982, Last State: [1. 1. 1.], Reward: 102.94026144644609
Episode 983, Last State: [2. 1. 1.], Reward: 102.2674500276852
Episode 984, Last State: [4. 1. 1.], Reward: 100.9611456583249
Episode 985, Last State: [2. 1. 1.], Reward: 102.2674500276852
Episode 986, Last State: [3. 1. 1.], Reward: 101.60783098969138
Episode 987, Last State: [5. 1. 1.], Reward: 100.32714043149501
Episode 988, Last State: [4. 1. 1.], Reward: 100.9611456583249
Episode 989, Last State: [1. 1. 2.], Reward: 204.53512881108452
Episode 990, Last State: [2. 1. 1.], Reward: 102.2674500276852
Episode 991, Last State: [3. 1. 1.], Reward: 101.60783098969138
Episode 992, Last State: [2. 1. 1.], Reward: 102.2674500276852
Episode 993, Last State: [4. 1. 1.], Reward: 100.9611456583249
Episode 994, Last State: [2. 1. 1.], Reward: 102.2674500276852
Episode 995, Last State: [3. 1. 1.], Reward: 101.60783098969138
Episode 996, Last State: [4. 1. 1.], Reward: 100.9611456583249
Episode 997, Last State: [4. 1. 1.], Reward: 100.9611456583249
Episode 998, Last State: [6. 1. 1.], Reward: 99.70556667970101
Episode 999, Last State: [1. 1. 1.], Reward: 102.94026144644609
Episode 1000, Last State: [2. 1. 1.], Reward: 102.2674500276852
Episode 1, Last State: [100. 100. 100.], Reward: 289.8663324524963
Episode 2, Last State: [100. 100. 100.], Reward: 289.8663324524963
Episode 3, Last State: [100.   1.  24.], Reward: 130.50969080314323
Episode 4, Last State: [100.   1.   1.], Reward: 118.19442785046614
Episode 5, Last State: [100.   1.   1.], Reward: 73.45798463087557
Episode 6, Last State: [100.   1.   1.], Reward: 73.45798463087557
Episode 7, Last State: [100.   1.   1.], Reward: 73.45798463087557
Episode 8, Last State: [100.   1.   1.], Reward: 73.45798463087557
Episode 9, Last State: [100.   1.   1.], Reward: 73.45798463087557
